-- phpMyAdmin SQL Dump
-- version 4.6.5.2
-- https://www.phpmyadmin.net/
--
-- Host: 127.0.0.1
-- Generation Time: Mar 14, 2018 at 03:35 PM
-- Server version: 10.1.21-MariaDB
-- PHP Version: 5.6.30

SET SQL_MODE = "NO_AUTO_VALUE_ON_ZERO";
SET time_zone = "+00:00";


/*!40101 SET @OLD_CHARACTER_SET_CLIENT=@@CHARACTER_SET_CLIENT */;
/*!40101 SET @OLD_CHARACTER_SET_RESULTS=@@CHARACTER_SET_RESULTS */;
/*!40101 SET @OLD_COLLATION_CONNECTION=@@COLLATION_CONNECTION */;
/*!40101 SET NAMES utf8mb4 */;

--
-- Database: `beauty_community`
--

-- --------------------------------------------------------

--
-- Table structure for table `beauty_community`
--

CREATE TABLE `beauty_community` (
  `news_id` int(10) NOT NULL,
  `topic` varchar(999) COLLATE utf8_unicode_ci NOT NULL,
  `news_detail` varchar(9999) COLLATE utf8_unicode_ci NOT NULL,
  `date` date NOT NULL
) ENGINE=InnoDB DEFAULT CHARSET=utf8 COLLATE=utf8_unicode_ci;

--
-- Dumping data for table `beauty_community`
--

INSERT INTO `beauty_community` (`news_id`, `topic`, `news_detail`, `date`) VALUES
(1, 'อัพเดทความหล่อ แม็กซ์ เจนมานะ หลังทำศัลยกรรมหน้าใหม่ หล่อเป๊ะเวอร์ หลังปล่อยเพลงฮิตดังทั่วบ้านทั่วเมือง', 'นักร้องหนุ่มหน้าหล่อ จากเวทีเดอะวอยซ์ The voice ที่สมัยประกวดทำเอาสาวๆ กรี๊ดกันบ้านแตกมาแล้ว วันนี้ แม็กซ์ เดอะวอยซ์ หรือ แม็กซ์ เจนมานะ Max Jenmana ก็กลับมาทวงความนิยมอีกครั้ง หลังจากปล่อยเพลง วันหนึ่งฉันเดินเข้ามา ดังฮิตทั่วบ้านทั่วเมืองเลยก็ว่าได้  อีกทั้งตอนนี้ยังมีอีกหนึ่งเพลง ที่กำลังไต่ความนิยมขึ้นมาเรื่อยๆ ก็คือเพลง ไวน์ นั่นเอง \r\nต้องบอกเลยว่า สมัยที่หนุ่มแม็กซ์ เจนมานะ ประกวดเวทีเดอะวอยซ์ สิ่งที่ทำให้เค้าโดดเด่นที่สุด ไม่ใช่เพียงแค่เสียงร้องที่เป็นเอกลักษณ์ แต่เขายังมีหน้าตาที่หล่อโดนใจ มองเผินๆ ก็คล้ายกับ เคน ธีรเดชเลย จนโคชยังต้องชมและแซวเลยก็ว่าได้ \r\nแต่ตอนนี้ เขากลับมาแล้ว ด้วยความหล่อที่เพิ่มทวีคูณ พลังงานทำลายล้างสูงมาก สาวๆ ที่เห็นก็ต้องเพ้อ หลงเป็นแน่นอน วัดได้จาก เวลาเขาไปเล่นดนตรี ร้องเพลงตามงานหรือร้านต่างๆ ตอนนี้ก็เริ่มมีคนแชร์ โพส คลิปของแม็กซ์ เจนมานะ ในโลกออนไลน์มากขึ้น ด้วยอาการเพ้อของบรรดาสาวๆ นั่นเอง\r\nซึ่งมองดูแล้ว ที่หนุ่มแม็กซ์ เจนมานะ มีพลังงานการทำลายล้างด้านความหล่อสูงขนาดนี้ ถ้าสังเกต น่าจะมีการอัพเสริมความหล่อมา ด้วยการเสริมจมูกมา ดูได้จากภาพหรือคลิปสมัยที่ประกวดร้องเพลง ก็ว่าหล่ออยู่แล้วนะ แต่จมูกยังไม่เป็นสัน โด่งเท่าไหร่  แต่พอมาตอนนี้ จะเห็นสันจมูกชัดเจนมายิ่งขึ้น ได้รูปและเข้ากับใบหน้า ทำให้ใบหน้าดูพุ่ง หล่อ ยิ่งขึ้นไปอีก ถือว่าประสบความสำเร็จในการเสริมจมูกครั้งนี้ เพราะมันลงตัวและเข้ากับตัวเขามากที่สุด อีกทั้งยังช่วยเสริมความหล่อให้หล่อขึ้นไปอีก', '2018-02-02'),
(2, 'กดติดตามไว้ไม่มีตกเทรนด์ เจนี่ โพสต์รูปแต่ละที บอกอะไรได้บ้าง', 'ต้องยอมรับว่าเธอเป็นต้นแบบของผู้หญิง ที่ผู้นำเทรนด์ในทุกด้านจริงๆ สำหรับ เจนี่ เทียนโพธิ์สุวรรณ ซึ่งถ้าใครที่อยากจะอัปเดตเทรนด์ต่างๆ เข้าไปกดติดตามที่อินสตาแกรมของเธอไว้ได้เลย แล้วจะรู้ว่าในแต่ละรูปที่ลงนั้น มีเทรนด์อะไรซ่อนอยู่บ้าง?\r\n1. ถ่ายรูปแบบแพลนดิด (Plandids)\r\n“Plandids” มาจากคำผสม 2 คำ นั่นคือ Planned (การวางแผน) candids (ถ่ายภาพ) การถ่ายภาพแนวนี้ จะทำให้ออกมาดูเหมือนธรรมชาติมากที่สุด แสดงถึงไลฟ์สไตล์ของคนคนนั้นได้ชัดเจน แต่ภาพเผลอๆที่เหมือนไม่ได้ตั้งใจเหล่านี้ ถูกวางแผนมาอย่างดี\r\n2. ทรงผมสั้นประบ่า\r\nกูรูเรื่องผมบอกมาแล้วว่า เทรนด์ทรงผมปี 2018 ยังคงเป็นผมสั้นประบ่า ซึ่งสาวเจนี่ก็ไม่หลุดเทรนด์แน่นอน โดยหลังจากที่ตัดผมทรงนี้มา ก็มีสาวๆ หลายคนเดินเข้าร้านทำผมให้ช่างตัดทรงนี้กันเพียบ แถมยังทำผมสีช็อคโกแล็ต ซึ่งถือว่าเป็นโทนสีน้ำตาลที่สวยกำลังดี ดูหรู ดูแพง เข้ากับการแต่งตัวทุกลุค\r\n3. แต่งหน้าโชว์ผิว\r\nเป็นซุปตาร์คนดังที่โชว์หน้าสดบ่อยมาก ถ้าไม่ได้ต้องออกงานที่ไหน ก็มักจะได้เห็นหน้าใสๆ ของสาวเจนี่กันบ่อยๆ จนกลายเป็นไอดอลของผู้หญิงที่แต่งหน้าเผยผิว โบกมือลาหน้าหนาโป๊ะไปได้เลย แอบกระซิบนิดนึง แต่งหน้าอ่อนๆ แบบเนี้ย ผู้ชายชอบมากกกก\r\n4. แฟชั่นนิสต้า\r\nหน้าผมนำเทรนด์กันไปแล้ว อีกหนึ่งอย่างที่ไม่เขียนถึงไม่ได้จริงๆ เพราะแฟชั่นของเธอเก๋ เท่ และไม่ซ้ำใคร มีกลิ่นอายความเป็นสปอร์ตเกิร์ลนิดๆ คล่องตัว ไม่เยอะจนเกินไป\r\n5. ผิวแทน สวยอินเตอร์ \r\nไม่ต้องไปฉีดผิว กินกลูต้า ก็สวยน่ามองได้เหมือนกัน แม้ผิวจะดูแทน แต่ก็ดูแลดี ผิวเนียนสม่ำเสมอ จะใส่ชุดไหนก็ดูไม่ขัด ให้ลุคเป็นสาวอินเตอร์สุดๆ\r\n6. เฮลท์ตี้เกิร์ล \r\nหมดยุคผู้หญิงตัวผอมแห้งแรงน้อยกันแล้ว เทรนด์ผู้หญิงสวย 2018 ต้องสตรอง ต้องรักสุขภาพ ต้องดูแลตัวเอง ซึ่งเรื่องนี้สาวเจนี่เป็นผู้นำเทรนด์มานานหลายปีแล้ว ออกกำลังกายจริงจัง จนสร้างยิม 911 ขึ้นมา ให้เป็นศูนย์รวมของคนรักสุขภาพ ท่องไว้นะจ๊ะ สมัยนี้ต้องสวยอย่างเดียวไม่พอ ต้องสุขภาพแข็งแรงด้วย', '2018-02-12'),
(3, '“เวิร์กเอาต์” สไตล์ เทรนเนอร์ดังจากนิวยอร์ก', 'เพื่อสร้างแรงดลใจสำหรับการบริหารร่างกายให้แก่หญิง “อาดิดาส” จัดเวิร์กเอาต์ คลาส “Here to Create with Dara Hart” คอนเซ็ปต์ “Here to Create” ส่งตรง “ศิลปิน ฮาร์ต” เซเลบริตี้เทรนเนอร์จากนิวยอร์ก\r\nผู้อยู่เบื้องหลังการปั้นหุ่นเป๊ะของเหล่าเซเลบโด่งดังสุดยอดอย่าง คาร์ลี คลอสส์, แอชลีย์ เกรหมูแฮม แล้วก็เหล่าดารานางแบบแถวหน้า นางสวรรค์วิคตอเรีย ซีเคร็ต และก็นักร้อง นักกีฬา รวมทั้งนักแสดงสุดยอดอีกเยอะแยะ มาเปิดหลักสูตรเทรนลูกค้าอาดิดาสรวมทั้งเซเลบสายเฮลธ์คนไทยในBASE ทองคำหล่อ\r\n“ศิลปิน ฮาร์ต” ชี้แนะเทคนิคสำหรับผู้หญิงที่ต้องการจะเริ่มบริหารร่างกายว่า อย่างแรกเป็นจำต้องเริ่มการบริหารร่างกายขั้นตอนการทางความนึกคิดที่ถูก ถัดมาปรับการบริหารร่างกายให้กับตัวคุณ รู้จักตนเอง ทราบข้อกำหนดของตน จะต้องรู้เรื่องและก็เห็นด้วยว่า มนุษย์เราไม่อาจจะทำเป็นทุกๆสิ่งทุกๆอย่าง หรือบริหารร่างกายได้ทุกแบบ แล้วต่อจากนั้นให้เริ่มด้วยท่ากล้วยๆก่อน และหลังจากนั้นก็ค่อยๆปรับปรุงขึ้นไป ในการบำรุงร่างกาย ให้กินน้ำจำนวนไม่ใช่น้อยรับประทานอาหารที่ดีต่อร่างกาย รวมทั้งพักให้พอเพียงเพื่อร่างกายฟื้นรวมทั้งซ่อมบำรุงส่วนที่ผุพัง\r\nส่วนผู้หญิงที่บริหารร่างกายบ่อยๆอยู่แล้ว ศิลปิน ฮาร์ตเสนอแนะว่า การบริหารร่างกายควรจะทำคาร์ดิโอ เพื่อสลายไขมัน เพิ่มความแข็งแรงของหัวใจแล้วก็ปอด รวมทั้งทำเวตเทรนนิ่ง เพื่อกระชับรูปทรงแล้วก็สร้างกล้ามพร้อมๆกัน โดยคนที่บริหารร่างกายควรจะได้รับโปรตีนที่ดี คาร์โบไฮเดรตที่ดี รวมทั้งไขมันที่ดีอย่างสมดุลก่อนรวมทั้งข้างหลังการบริหารร่างกาย และก็การพักผ่อนหย่อนใจนับว่าเป็นสิ่งจำเป็น การหยุดพักจากการบริหารร่างกายบ้าง แล้วก็การนอนให้พอเพียง\r\nศิลปิน ฮาร์ตแนะอีกว่า การกินก็ควรให้ความเอาใจใส่ไม่แพ้กัน ผู้หญิงสามารถทำกับข้าวเองได้ไม่ยากก่อนบริหารร่างกายช่วงเช้าเพื่อเพิ่มพลัง อย่างโปรตีนผงรสช็อกโกแลต, นมอัลมอนด์สูตรไม่หวาน, ผัก ตัวอย่างเช่น ผักโขมหรือใบเคล, กล้วย, เนยถั่ว เพียงนี้ก็จะช่วยเพิ่มพลัง เตรียมความพร้อมสำหรับเพื่อการบริหารร่างกายได้ควรจะบริหารร่างกาย 3 ครั้งต่ออาทิตย์ ทีละ 45 นาที และก็พากเพียรสลับวันหยุดสัก 2 ถึง 3 วัน เพื่อร่างกายได้พัก\r\n“ร่างกายของพวกเราถูกทำมาเพื่อขยับเขยื้อน เพราะฉะนั้น คุณควรจะลุกขึ้นยืนมาขยับร่างกาย บริหารร่างกาย ทำให้เหงื่อออก เป็นการทดแทนร่างกายของพวกเรา” เทรนเนอร์ดังตบท้าย', '2018-02-16'),
(4, 'เนย โชติกา แซ่บคูณสอง! อวดอึ๋มเซ็กซี่แบบฉบับแม่ลูกอ่อน', 'เนย โชติกา ควงสามีและ น้องอคิณ ไปเที่ยวพักผ่อนที่ทะเล อวดความเซ็กซี่แบบฉบับแม่ลูกอ่อน มีลูกแล้วก็ยิ่งแซ่บยิ่งเป๊ะไปอีกสำหรับนางร้ายหน้าสวย เนย โชติกา ล่าสุดเมื่อวันตรุษจีนที่ผ่านมา เธอได้ควงสามีสุดที่รัก ไฮโซอาร์ม มณีฉาย และลูกชายวัย 3 เดือนกว่า น้องอคิณ ไปเที่ยวทะเลรับลมชมวิวท่ามกลางบรรยากาศดีๆ\r\nงานนี้สาวเนย โชว์แซ่บวันต่อวันในชุดว่ายน้ำ และชุดเดินเล่นริมทะเลเปิดหลังโชว์ความเซ็กซี่อวดความอึ๋มกระแทกตาตามประสาแม่ลูกอ่อน บอกเลยว่าคุณแม่พ.ศนี้คลอดปุ๊บกลับมาเป๊ะกันปั๊บพุงจ๋าลาก่อนนนน', '2018-02-17'),
(5, 'สวยมาก “น้องฉัตร” ช่างแต่งหน้าคิวทอง \"แต่งหญิง”', 'สวยจนผู้หญิงต้องหลบ “น้องฉัตร” ช่างแต่งหน้าคิวทอง เปลี่ยนลุค “แต่งหญิง” ชุดไทย ปังมาก แน่นอนว่าสาวๆ ต้องรู้จักกันดีกับช่างแต่งหน้าฝีมือดีที่แปลงโฉมเหล่าคนบันเทิงมาแล้วมานับไม่ถ้วน สำหรับ \"น้องฉัตร ฉัตรชัย เพียงอภิชาติ” เมคอัพอาร์ติสชื่อดังของเมืองไทย ที่ล่าสุดทำเอาหลายๆ คนตกตะลึง เมื่อเจ้าตัวได้แปลงโฉมมาแต่งหญิง ผมยาว\r\nโดยเจ้าตัวได้เปลี่ยนมาเป็นลุคสาวหวาน อ่อนโยน เรียบร้อย ในชุดไทยโบราณ แต่งหน้าโทนอ่อนๆ ว่าแล้วอย่ารอช้าไปชมภาพกันเลยดีกว่า แต่ขอบอกก่อนว่าสวยจนผู็หญงจริงๆ ต้องหลบให้', '2018-02-19'),
(6, '“อีฟแอนด์บอย” สาขาใหม่ที่ “แฟชั่นไอส์แลนด์” รวมเครื่องสำอางมากสุด พร้อมบริการสุดเอ็กซ์คลูซีฟ', 'วันที่ 19 ก.พ.61 ผู้สื่อข่าวรายงานว่า “หิรัญ ตันมิตร” ประธานเจ้าหน้าที่บริหาร บริษัท อีฟ แอนด์ บอย จำกัด ตอกย้ำความเป็นผู้นำด้าน Beauty Retailer (บิวตี้ รีเทลเลอร์) “EVEANDBOY” (อีฟแอนด์บอย) ร้านมัลติแบรนด์ศูนย์รวมเครื่องสำอาง น้ำหอม และไอเท็มจากทั่วทุกมุมโลก จัดงาน “EVEANDBOY Fashion Island Grand Opening” (อีฟแอนด์บอย แฟชั่น ไอส์แลนด์ แกรนด์ โอเพนนิ่ง) ฉลองเปิดแฟล็กชิฟสโตร์แห่งใหม่ EVEANDBOY Fashion Island (อีฟแอนด์บอย แฟชั่น ไอส์แลนด์) ที่ชั้น 2 ศูนย์การค้าแฟชั่นไอส์แลนด์ โดยได้เซเลบริตี้ที่ขึ้นชื่อเรื่องรักผิวพรรณและความงาม มาร่วมเฉลิมฉลอง พร้อมอัพเดทบิวตี้เทรนด์ 2018 กันอย่างคับคั่ง ที่ โซนเซ็นเตอร์ คอร์ท ชั้น 1 ศูนย์การค้าแฟชั่น ไอส์แลนด์\r\nหิรัญ ตันมิตร ประธานเจ้าหน้าที่บริหาร บริษัท อีฟ แอนด์ บอย จำกัด เปิดเผยว่า อีฟแอนด์บอย แฟชั่น ไอส์แลนด์ เป็นแฟล็กชิพสโตร์แห่งใหม่ใจกลางย่านรามอินทรา ที่เนรมิตพื้นที่กว่า 1,000 ตารางเมตร บนชั้น 2 ศูนย์การค้าแฟชั่น ไอส์แลนด์ เปิดประสบการณ์หนุ่ม-สาวรุ่นใหม่ ที่มีไลฟ์สไตล์ทันสมัย ในแบบ Smart Shopping (สมาร์ท ช็อปปิ้ง) ให้ได้สนุกกับการช็อปปิ้งเครื่องสำอางและสินค้าความงาม น้ำหอม อย่างครบครัน ที่นำมารวมไว้ที่นี่ที่เดียวมากกว่า 1,000 แบรนด์ และมากกว่า 80,000 ไอเท็ม ในราคาสุดพิเศษที่จะได้ที่อีฟแอนด์บอยเท่านั้น\r\nสำหรับการตกแต่ง EVEANDBOY Fashion Island (อีฟแอนด์บอย แฟชั่น ไอส์แลนด์) ฉีกกฎทุกรูปแบบของร้านเครื่องสำอางที่เคยมี ด้วยคอนเซปต์แฟชั่นสุดเท่ “Beauty is Fashion” (บิวตี้ อิส แฟชั่น) สไตล์แฟชั่น ทันสมัย ในโทนสีดำและชมพู ซึ่งจะแบ่งภายในร้านออกเป็น 12 โซน ได้แก่ \r\n1. Cosmetics (เครื่องสำอาง) ซึ่งรวบรวมแบรนด์เครื่องสำอางไว้มากที่สุดจากทั่วทุกมุมโลก ทั้งแบรนด์ไทยและแบรนด์ระดับโลก พร้อมเปิดประสบการณ์ใหม่ ให้ลูกค้าได้สัมผัสสินค้าจริง ทดลองเล่นและสนุกกับการช็อปปิ้งมากที่สุด ด้วยพื้นที่ช็อปปิ้งที่ใหญ่กว่าเดิม พร้อมขยายพื้นที่ทางเดินให้กว้างขวางขึ้น เพื่อให้รู้สึกสะดวกสบายในการเดินเลือกซื้อสินค้า\r\n2. Fragrance (น้ำหอม) โซนสำหรับคนรักน้ำหอม ที่รวบรวมน้ำหอมแบรนด์ดังจากต่างประเทศ ที่มีให้เลือกมากที่สุดในย่านนี้ อาทิ Prada (ปราด้า), Davidoff (ดาวิดอฟ), Valentino (วาเลนติโน่), Chloe (โคลเอ้), BVLGARI (บูลการี่), CK (ซีเค) ในราคาคุ้มค่ามากที่สุดในไทย โดยมีให้เลือกกว่า 100 แบรนด์ รวมทั้งน้ำหอมเอ็กซ์คลูซีฟไซส์ ขนาด 30 ml. และ 20 ml. ของแบรนด์ดัง ซึ่งหาซื้อที่อื่นไม่ได้ นอกจากที่ EVEANDBOY ที่เดียวในประเทศไทย ฯลฯ\r\n3. Luxury (เครื่องสำอางเคาน์เตอร์แบรนด์) เคาน์เตอร์เครื่องสำอางสุดหรูในราคาสบายกระเป๋า และ ไซส์พิเศษแบบ Travel Size (ทราเวล ไซส์) สะดวกในการพกพาสำหรับเดินทาง \r\n4. Skincare (ผลิตภัณฑ์ดูแลผิว) มีสกินแคร์มากมายให้เลือกสรร ทั้งมอยเจอไรเซอร์ เซรั่ม เอสเซนต์ ดูแลผิวหน้า ผิวกาย แบบครบครัน \r\n5. Supplement (ผลิตภัณฑ์เสริมอาหาร) รวบรวมอาหารเสริมทั้งเรื่องลดน้ำหนักและผิวขาวกระจ่างใส\r\n6. Salon Professional (ผลิตภัณฑ์ดูแลเส้นผม) ที่สุดของความงามแห่งเส้นผม ที่รวบรวมไว้ทั้งการดูแล ยาสระผม ทรีทเม้นต์ เซรั่ม และการจัดแต่งทรงผม รวมถึง Professional Hair Salon (โปรเฟสชั่นแนล แฮร์ ซาลอน) ที่หาซื้อที่อื่นไม่ได้ \r\n7. Accessories (อุปกรณ์เสริมความงาม) ที่มีอุปกรณ์การแต่งหน้าให้เลือกครบตั้งแต่ศีรษะจรดปลายเท้า\r\n8. Mask (มาส์ก) ที่คัดสรรมาให้เลือกครบทุกสูตร เป็นพิเศษกว่า 1,000 ชิ้น ในราคาสุดคุ้ม 9. Celebrity (ผลิตภัณฑ์ของเซเลบริตี้และนักแสดง) รวบรวมสินค้าของเหล่าดารา เซเลบริตี้ในเมืองไทยไว้มากที่สุด ทั้งสกินแคร์ อาหารเสริม และเครื่องสำอาง 10. Exclusive Brand (ผลิตภัณฑ์ที่มีจำหน่ายเฉพาะที่อีฟแอนด์บอย) โซนสำหรับแบรนด์ที่หาซื้อที่อื่นไม่ได้ รวมถึงแบรนด์ไทยที่คุณภาพไม่แพ้ชาติใดในโลก เพื่อเปิดโอกาสให้เจ้าของแบรนด์รุ่นใหม่ มีช่องทางการเข้าถึงลูกค้าได้มากขึ้น 11. Nail (ผลิตภัณฑ์ดูแลเล็บ) มีน้ำยาทาเล็บมากกว่า 500 สี จากแบรนด์ระดับโลกและแบรนด์ไทยคุณภาพเยี่ยม\r\nพิเศษกับโซนสุดท้าย บริการสุดเอ็กซ์คลูซีฟ ที่มีให้บริการเฉพาะสาขานี้เท่านั้น ได้แก่ Makeup Station (เมคอัพ สเตชั่น) มุมพิเศษลักษณะคล้ายโต๊ะแต่งตัว ที่มาพร้อมกระจกบานใหญ่ ที่รอคอยให้เมคอัพ เลิฟเวอร์ ได้หยิบผลิตภัณฑ์จากแบรนด์ต่างๆ มาทดลองเครื่องสำอางได้อย่างสนุกสนาน และ Skincare Testing Bar (สกินแคร์ เทสติ้ง บาร์) มุมพิเศษสำหรับคนที่ชื่นชอบสกินแคร์ ซึ่งมีซิงก์น้ำไว้คอยบริการ เพื่อให้ทดลองผลิตภัณฑ์ได้อย่างสะดวกสบายเพิ่มขึ้น\r\nโดยบรรยากาศในงานยังมี Makeup Bar ยาวกว่า 18 เมตร ซึ่งยาวที่สุดในประเทศไทย อัดแน่นไปด้วยเครื่องสำอางระดับโลกกว่า 15 แบรนด์ อาทิ M•A•C Cosmetics (แมค คอสเมติก), Make Up For Ever (เมคอัพ ฟอร์เอเวอร์), Kiehl’s (คีลส์), Bobbi Brown (บ็อบบี้ บราวน์), Maybelline (เมย์เบลลีน) และแบรนด์ชั้นนำอีกมากมาย รอต้อนรับให้มาเนรมิตสีสันความสวยงามบนใบหน้า ก่อนที่จะร่วมอัพเดทบิวตี้เทรนด์ 2018 ผ่านแฟชั่นโชว์ ซึ่งครีเอทลุคโดย M•A•C Cosmetics (แมค คอสเมติก) ที่เน้นการแต่งหน้าสไตล์แซบ เท่ ในโทนสีสดใส', '2018-02-19'),
(7, 'ยังจำได้ไหม \"ใหม่ สุคนธวา\" ศัลยกรรมอัพหน้าใหม่ หน้าเด็กลงจนแทบจำไม่ได้ ', 'เชื่อว่า ใครหลายๆ คนได้เห็นภาพล่าสุดของนางร้ายสุดแซ่บ อย่าง ใหม่ สุคนธวา ก็ต้องตกใจ ว่าใช่ใหม่ สุคนธวา จริงๆ หรอ ทำไมถึงจำหน้าไม่ได้ เพราะดูยังไงก็ไม่ใช่ ใหม่ สุคนธวา แน่นอน เพราะเธอไปศัลยกรรมอัพหน้าใหม่ ให้ดูเด็กลง หน้าตึง ทำให้แฟนคลับแทบจะจำเธอไม่ได้เลยทีเดียว กลายเป็นนางร้ายหน้าใหม่ ไปโดยปริยาย\r\nสมัยก่อนใหม่ สุคนธวา ก็ออกมายอมรับว่าไปทำศัลยกรรมมาจริง ผลลัพธ์ก็เปรี้ยงเลย ขึ้นแท่นเป็นเจ้าแม่เซ็กซี่เบอร์ต้นๆ ของเมืองไทย ขวัญใจหนุ่มๆ ไปเลยทีเดียว และปัจจุบัน แม้ ใหม่ สุคนธวา จะอายุหลักสาม กว่าแล้ว แต่ก็ยังดูแลรูปร่างหน้าตา ตัวเองได้เป็นอย่างดี และล่าสุด ก็อย่างที่เห็นภาพ ของสาว ใหม่ สุคนธวา ที่คงจะไปศัลยกรรมอัพหน้ามาใหม่ จนแทบจำไม่ได้ ถ้าไม่บอกว่า ใหม่ สุคนธวา ก็คงจะนึกไม่ออกจริงๆ', '2018-02-20'),
(8, 'น้องแพรพาเพลิน จากการแต่งหน้าเล่นๆ ก้าวสู่เวที Makeup Artist ระดับโลก', 'หากยังจำกันได้ เมื่อ 7 ปีก่อนมีวิดีโอของเด็กผู้หญิงอายุ 4 ขวบคนหนึ่งที่แต่งหน้าตัวเองด้วยความไร้เดียงสา และพูดจาฉะฉาน เป็นกระแสอยู่ทั่วอินเทอร์เน็ต ในตอนนั้น พูดไปก็คงไม่มีใครเชื่อว่าเด็กผู้หญิงคนนั้น จะกลายมาเป็นบิวตี้บล็อกเกอร์ตัวจิ๋วที่ได้มีโอกาสไปเป็น Makeup Artist บนรันเวย์ London Fashion Week 2018 ในวัยเพียง 11 ปี \r\nแน่นอนว่าระยะเวลา 7 ปีที่ผ่านมาไม่ได้โรยด้วยกลีบกุหลาบ หลังจากที่วิดีโอแต่งหน้าของเธอเผยแพร่ไปทั่วอินเทอร์เน็ตก็มีเสียงวิจารณ์ทั้งในแง่ดีและร้ายมากมาย แต่สิ่งหนึ่งที่ทำให้เธอไม่เลิกล้มความตั้งใจและพยายามคือ การได้ทำในสิ่งที่ตนเองรัก\r\nคงเป็นเรื่องที่ค่อนข้างลำบากที่คนๆ หนึ่งรู้ตัวว่าตนเองชอบอะไรตั้งแต่เด็ก และความฝันนั้นจะเป็นไปไม่ได้เลยหากไม่ได้รับการสนับสนุนจากครอบครัวของเธอ\r\nครอบครัวของน้องแพรสนับสนุนลูกอย่างสุดความสามารถ เพราะเห็นว่าสิ่งที่เด็กน้อยทำคือความสุขและเห็นถึงความตั้งใจว่า ไม่ได้ทำเล่นๆ แต่จริงจังกับการแต่งหน้ามาก ทั้งในเรื่องของเครื่องสำอาง การลงคอร์สเรียนแต่งหน้า รวมไปถึงการเล็งเห็นความสำคัญของการใช้ภาษาอังอังกฤษ และยังคงให้น้องได้ใช้ชิวิตในรั้วโรงเรียน เพื่อเรียนหนังสือขั้นพื้นฐานตามปกติ ซึ่งแน่นอนว่าน้องแพรไม่ได้ทำให้ครอบครัวที่สนับสนุนเธอผิดหวังแม้แต่น้อย\r\nหากเป็นเราที่เห็นลูกหยิบเครื่องสำอางมาเล่นตั้งแต่ในวัย 4 ขวบ เราจะกล้าสนับสนุนในสิ่งที่ลูกทำ หรือห้ามไม่ให้เขาลองในสิ่งที่เขาสนใจ การเลี้ยงลูกไม่มีสูตรตายตัวหรอกค่ะ เราไม่สามารถบอกได้ว่าการเลี้ยงแบบไหนคือผิดหรือถูก แต่สิ่งที่ยืนยันว่าการเลี้ยงลูกของเราถูกต้องคือการที่เราเชื่อมั่นและสนับสนุนในสิ่งที่ลูกรัก ได้เห็นลูกมีความสุขและเป็นคนดี นั่นก็น่าจะเพียงพอแล้ว', '2018-02-21'),
(9, 'ไอซ์ ปรีชญา ภาพเดียวแซ่บหยุดโลก เห็นแล้วใจสั่นสะท้าน', 'หลังจากหันมาออกกำลังกายอย่างจริงจังและดูแลรูปร่างตัวเองผลลัพธ์ที่ออกมาเลยทำให้ ไอซ์ ปรีชญา มีรูปร่างที่เป๊ะมากอก เอว สะโพก มีให้เห็นอย่างเด่นชัด จากหลายๆ ภาพของ ไอซ์ ที่ได้นำอวดในอินสตาแกรมสาวๆ เห็นแล้วยังเอ่ยปากอยากมีหุ่นดีแบบนี้บ้าง หนุ่มๆ เห็นแล้วก็แอบสั่นสะท้านไปถึงหัวใจ   \r\nล่าสุด กับภาพถ่ายของ ไอซ์ ที่ได้เซลฟี่ตัวเองผ่านกระจก ทำให้เห็นรูปร่างทรวดทรงองค์เอวของตัวเอง ภาพดังกล่าวหลายคนต่างมุ่งเป้าไปที่จุดโฟกัสสายตาเดียวกันนั่นคือปีกกล้ามท้องของ ไอซ์ หลังจากที่เจ้าตัวออกกำลังกายมาอย่างหนักหน่วง \r\nและจากภาพนี้เองมีบรรดาแฟนคลับต่างเข้าไปคอมเม้นต์กันยกใหญ่ พร้อมๆ กับชมเปราะว่ากล้ามท้องสวยมาก กล้ามท้องโหดมาก\r\nเรียกว่าเป็นภาพเดียวที่แซ่บหลุดโลกจริงๆ ของ ไอซ์ ปรีชญา', '2018-02-21'),
(10, '10 สวยโลกตะลึง! หน้า ผม ชุดไทย ‘แพรี่พาย’ แต่งเต็มหัวจรดเท้า งานอุ่นไอรักฯ', 'มาแล้วค่ะซิส! งานดีๆ กำลังอินเทรนด์อย่างสุดๆ สำหรับการแต่งชุดไทยไปเที่ยว ‘อุ่นไอรัก คลายความหนาว’ มีหรือ แพร-อมตา จิตตะเสนีย์ หรือ แพรี่พาย เซเลบริตี้ เมคอัพอาร์ติสต์ชื่อดัง จะพลาดงานแบบนี้...\r\nถ้าใครได้ติดตามสาวคนนี้หลายคนคงรู้อยู่แล้วว่าสาวแพรี่พายชื่นชอบชุดไทย นำมามิกซ์แอนด์แมตช์ไปถ่ายรูปยังสถานที่เที่ยวต่างๆ ทั้งไทยและต่างประเทศอยู่บ่อยครั้ง งานนี้ก็ไม่พลาดจ้า บอกเลยว่าจัดเต็มมากค่ะคุณ ทั้งหน้าผมที่ได้เมคอัพอาร์ติสต์สุดซี้อย่าง ‘น้องฉัตร’ ฉัตรชัย เพียงอภิชาติ มาจัดเต็มให้สวยเป๊ะสุดๆ สวยจนหลายคนตะลึงด้วยความประณีตของเมคอัพ และผมลอนสวยย้อนยุครับกับการแต่งชุดไทย 2 ชุดเป็นอย่างดี เรียกได้ว่าสวยทรงคุณค่ามากๆ จนหลายคนหลงรักลุคนี้ เรานำภาพมาให้ได้ชมกัน', '2018-02-21'),
(11, 'วิธีทำให้เครื่องสำอางติดทนตลอดวัน เมคอัพครั้งหน้า รับรองปังไม่มีสะดุด', 'จะมีอะไรดีไปกว่าการลงทุนแต่งหน้าในตอนเช้า แล้วเครื่องสำอางติดทนโดยไม่ต้องเสียเวลาเติมระหว่างวันให้เสียเวลา นอกจากไม่ต้องแอบวิ่งไปเติมในห้องน้ำช่วงพักงานแล้ว ยังช่วยประหยัดเครื่องสำอางราคาแพงอีกด้วย วันนี้เราจึงจัดเคล็ดลับที่จะช่วยให้เครื่องสำอางติดทนตลอดวันมาฝาก อยากรู้ว่าต้องทำอย่างไรบ้าง ไปดูกันเลย\\r\\n1.ขัดผิวอย่างอ่อนโยน\\r\\nการขัดผิวอย่างอ่อนโยน จะทำให้มีผิวหน้าเรียบเนียนและทำให้เครื่องสำอางติดทนมากขึ้นนั่นเอง ซึ่งวิธีก็คือ ให้ใช้ผ้าชุบน้ำอุ่นหมาดๆ มาขัดผิว ซึ่งวิธีนี้จะช่วยกำจัดผิวหนังที่แห้งแตกเป็นขุยให้หลุดลอกออกไป และช่วยทำให้เครื่องสำอางติดผิวง่าย แถมยังติดทนนานมากขึ้นด้วย\\r\\n2.ใช้มอยส์เจอไรเซอร์\\r\\nถึงแม้ว่าสาวๆ จะมีผิวมัน แต่การทาโลชั่นบางๆ ก็ถือเป็นความจำเป็นอย่างหนึ่ง เนื่องจากจะช่วยควบคุมสิ่งต่างๆ บนผิวของเราให้มีความสมดุล เช่นเดียวกับการทามอยเจอไรเซอร์ให้ทั่วใบหน้าและลำคอ แล้วปล่อยทิ้งไว้ประมาณ 5 นาที เพื่อให้ได้ซึมเข้าสู่ผิว จากนั้นค่อยลงรองพื้นตามไป แค่นี้ก็ช่วยให้รองพื้นติดนานทั้งวันแล้ว\\r\\n3.ใช้ไพรเมอร์\\r\\nการผสมไพรเมอร์กับรองพื้น จะช่วยให้รองพื้นติดทนนาน ดังนั้นความหวังที่จะให้เครื่องสำอางติดทนตลอดวันจึงมีความเป็นไปได้สูง\\r\\n4.หมั่นสังเกตรองพื้น\\r\\nสาวๆ หลายคนทราบกันดีกว่า โดยทั่วไปแล้วรองพื้นสูตรปราศจากน้ำมันนั้นจะอยู่ได้นานกว่า เพราะไม่มีสารอีมอลเลียนท์ ซึ่งเป็นสารที่ทำให้ผิวมีความเนียนนุ่ม แต่หากคุณเป็นคนที่มีผิวแห้ง แนะนำให้ใช้รองพื้นที่ให้ความชุ่มชื้น เช่น รองพื้นสูตรครีมหรือสูตรน้ำ ทั้งนี้เพื่อหลีกเลี่ยงผิวเป็นรอยด่างดำและสีผิวไม่สม่ำเสมอนั่นเอง\\r\\n5.ใช้บลัชออน 2 สูตร\\r\\nคือ การใช้บลัชออนเนื้อครีมก่อนลงรองพื้น จากนั้นก็ตามด้วยบลัชออนเนื้อฝุ่น วิธีนี้จะช่วยให้สีติดทนนาน\\r\\n6.เติมลิปสติกเป็นชั้น\\r\\nการเติมลิปสติกเป็นชั้นเริ่มจากการปัดแป้งฝุ่นลงบนริมฝีปาก แล้วตามด้วยการใช้ดินสอเขียนขอบปาก จะช่วยให้สีติดทนนาน จากนั้นก็ปิดท้ายด้วยการทาลิปสติกทับลงไป ก็ถือเป็นอันเสร็จสำหรับการทาลิปสติกของสาวๆ ที่จะติดทนตลอดวัน\\r\\n7.ใช้มาสคาร่าสูตรกันน้ำ\\r\\nการหลีกเลี่ยงตาแรคคูนที่ดีที่สุดก็คือ การเลือกใช้มาสคาร่าสูตรกันน้ำ หากสูตรนี้ทำให้คุณรู้สึกว่าขนตาแห้งหรือแข็งเกินไป ก็ใช้วิธีปัดมาสคาร่าปกติด้วยมาสคาร่ากันน้ำแบบใสแทน วิธีนี้จะช่วยคุณได้\\r\\nลองเอาไปใช้กันดูนะคะ สำหรับการแต่งหน้าเพื่อให้เครื่องสำอางติดทนนานตลอดวัน รับรองว่าสาวๆ จะมีความมั่นใจในการทำงานได้ตลอดทั้งวันแน่นอน โดยไม่ต้องกังวลว่าใบหน้าเป๊ะเหมือนตอนเช้าหรือเปล่า ที่สำคัญไม่ต้องเสียเวลาเติมบ่อยๆ อีกด้วย', '2018-02-22'),
(12, '3 วิธีเช็กเองง่ายๆ เครื่องสำอางที่มีในกระเป๋าหมดอายุแล้วหรือยัง ?', '\'พูดซิ ว่าคุณเป็นผู้หญิงที่ไม่ซื้อเครื่องสำอางเลย เพราะผู้หญิงกับเรื่องความสวย ความงามเป็นของคู่กันมากๆ บางคนมีลิปสติก 10 แท่ง มีรองพื้นประมาณ 5 เบอร์', '2018-02-22');

-- --------------------------------------------------------

--
-- Table structure for table `img_news`
--

CREATE TABLE `img_news` (
  `imgNo` int(10) NOT NULL,
  `imgName` varchar(50) COLLATE utf8_unicode_ci NOT NULL,
  `news_id` int(10) NOT NULL
) ENGINE=InnoDB DEFAULT CHARSET=utf8 COLLATE=utf8_unicode_ci;

--
-- Dumping data for table `img_news`
--

INSERT INTO `img_news` (`imgNo`, `imgName`, `news_id`) VALUES
(1, '0001_1.jpg', 1),
(2, '0001_2.jpg', 1),
(3, '0001_3.jpg', 1),
(4, '0001_4.jpg', 1),
(5, '0002_1.jpg', 2),
(6, '0002_2.jpg', 2),
(7, '0002_3.jpg', 2),
(8, '0002_4.jpg', 2),
(9, '0002_5.jpg', 2),
(10, '0002_6.jpg', 2),
(11, '0003_1.jpg', 3),
(12, '0003_2.jpg', 3),
(13, '0004_1.jpg', 4),
(14, '0004_2.jpg', 4),
(15, '0004_3.jpg', 4),
(16, '0004_4.jpg', 4),
(17, '0005_1.jpg', 5),
(18, '0005_2.jpg', 5),
(19, '0005_3.jpg', 5),
(20, '0005_4.jpg', 5),
(21, '0005_5.jpg', 5),
(22, '0006_1.jpg', 6),
(23, '0006_2.jpg', 6),
(24, '0006_3.jpg', 6),
(25, '0006_4.jpg', 6),
(26, '0006_5.jpg', 6),
(27, '0007_1.jpg', 7),
(28, '0007_2.jpg', 7),
(29, '0007_3.jpg', 7),
(30, '0008_1.jpg', 8),
(31, '0008_2.jpg', 8),
(32, '0008_3.jpg', 8),
(33, '0008_4.jpg', 8),
(34, '0009_1.jpg', 9),
(35, '0009_2.jpg', 9),
(36, '0010_1.jpg', 10),
(37, '0010_2.jpg', 10),
(38, '0010_3.jpg', 10),
(39, '0010_4.jpg', 10),
(40, '0010_5.jpg', 10),
(41, '0011_1.jpg', 11),
(42, '0012_1.jpg', 12);

-- --------------------------------------------------------

--
-- Table structure for table `member`
--

CREATE TABLE `member` (
  `SSN` varchar(13) COLLATE utf8_unicode_ci NOT NULL,
  `Name` varchar(30) COLLATE utf8_unicode_ci NOT NULL,
  `Username` varchar(30) COLLATE utf8_unicode_ci NOT NULL,
  `Password` varchar(20) COLLATE utf8_unicode_ci NOT NULL,
  `Birthdate` date NOT NULL,
  `Email` varchar(30) COLLATE utf8_unicode_ci NOT NULL,
  `Status` varchar(20) COLLATE utf8_unicode_ci NOT NULL,
  `Question1` varchar(30) COLLATE utf8_unicode_ci NOT NULL,
  `Question2` varchar(30) COLLATE utf8_unicode_ci NOT NULL,
  `Question3` varchar(30) COLLATE utf8_unicode_ci NOT NULL,
  `FileSSN` varchar(20) COLLATE utf8_unicode_ci NOT NULL
) ENGINE=InnoDB DEFAULT CHARSET=utf8 COLLATE=utf8_unicode_ci;

--
-- Dumping data for table `member`
--

INSERT INTO `member` (`SSN`, `Name`, `Username`, `Password`, `Birthdate`, `Email`, `Status`, `Question1`, `Question2`, `Question3`, `FileSSN`) VALUES
('1450000000000', 'admin', 'admin', 'Owl1234567890_12', '1996-03-15', 'owl_owl@gmail.com', 'admin', '', '', '', ''),
('1460000000000', 'owl', 'owl', 'Owl1234567890_12', '1999-03-01', 'owllll@gmail.com', 'member', '', '', '', '');

--
-- Indexes for dumped tables
--

--
-- Indexes for table `beauty_community`
--
ALTER TABLE `beauty_community`
  ADD PRIMARY KEY (`news_id`);

--
-- Indexes for table `img_news`
--
ALTER TABLE `img_news`
  ADD PRIMARY KEY (`imgNo`),
  ADD KEY `news_id` (`news_id`);

--
-- Indexes for table `member`
--
ALTER TABLE `member`
  ADD PRIMARY KEY (`SSN`);

--
-- AUTO_INCREMENT for dumped tables
--

--
-- AUTO_INCREMENT for table `beauty_community`
--
ALTER TABLE `beauty_community`
  MODIFY `news_id` int(10) NOT NULL AUTO_INCREMENT, AUTO_INCREMENT=13;
--
-- AUTO_INCREMENT for table `img_news`
--
ALTER TABLE `img_news`
  MODIFY `imgNo` int(10) NOT NULL AUTO_INCREMENT, AUTO_INCREMENT=43;
--
-- Constraints for dumped tables
--

--
-- Constraints for table `img_news`
--
ALTER TABLE `img_news`
  ADD CONSTRAINT `img_news_ibfk_1` FOREIGN KEY (`news_id`) REFERENCES `beauty_community` (`news_id`);

/*!40101 SET CHARACTER_SET_CLIENT=@OLD_CHARACTER_SET_CLIENT */;
/*!40101 SET CHARACTER_SET_RESULTS=@OLD_CHARACTER_SET_RESULTS */;
/*!40101 SET COLLATION_CONNECTION=@OLD_COLLATION_CONNECTION */;
